﻿web-scraper-order,web-scraper-start-url,Aire320,Aire320-href,Aircraft,Aircraft-href,RealArrivalTime
"1709899972-1","https://www.flightaware.com/live/fleet/AFR/cancelled","A320","https://www.flightaware.com/live/aircrafttype/A320","CTV84","https://www.flightaware.com/live/flight/id/CTV84-1709725505-airline-420p%3a0","1h 15m"
"1709899977-2","https://www.flightaware.com/live/fleet/AFR/cancelled","A320","https://www.flightaware.com/live/aircrafttype/A320","GXA3139","https://www.flightaware.com/live/flight/id/GXA3139-1709892937-sw-759p%3a0","0h 47m"
"1709899985-3","https://www.flightaware.com/live/fleet/AFR/cancelled","A320","https://www.flightaware.com/live/aircrafttype/A320","EZY330","https://www.flightaware.com/live/flight/id/EZY330-1709726234-schedule-210p%3a0","0h 52m"
"1709900011-4","https://www.flightaware.com/live/fleet/AFR/cancelled","A320","https://www.flightaware.com/live/aircrafttype/A320","VTI563","https://www.flightaware.com/live/flight/id/VTI563-1709726235-schedule-491p%3a0","2h 04m"
"1709900021-5","https://www.flightaware.com/live/fleet/AFR/cancelled","A320","https://www.flightaware.com/live/aircrafttype/A320","EJU7980","https://www.flightaware.com/live/flight/id/EJU7980-1709791227-fa-1028p%3a0","3h 31m"
"1709900028-6","https://www.flightaware.com/live/fleet/AFR/cancelled","A320","https://www.flightaware.com/live/aircrafttype/A320","FLI453","https://www.flightaware.com/live/flight/id/FLI453-1709725309-schedule-344p%3a0","2h 30m"
"1709900032-7","https://www.flightaware.com/live/fleet/AFR/cancelled","A320","https://www.flightaware.com/live/aircrafttype/A320","PK-SJM","https://www.flightaware.com/live/flight/id/PKSJM-1709899714-adhoc-909p","0h 35m"
"1709900047-8","https://www.flightaware.com/live/fleet/AFR/cancelled","A320","https://www.flightaware.com/live/aircrafttype/A320","CSN5131","https://www.flightaware.com/live/flight/id/CSN5131-1709836599-schedule-230p%3a0","1h 27m"
"1709900054-9","https://www.flightaware.com/live/fleet/AFR/cancelled","A320","https://www.flightaware.com/live/aircrafttype/A320","NKS3583","https://www.flightaware.com/live/flight/id/NKS3583-1709726233-schedule-212p%3a0","2h 48m"
"1709900071-10","https://www.flightaware.com/live/fleet/AFR/cancelled","A320","https://www.flightaware.com/live/aircrafttype/A320","JES3905","https://www.flightaware.com/live/flight/id/LVIVO-1709899595-adhoc-1946p%3a0","0h 06m"
"1709900081-11","https://www.flightaware.com/live/fleet/AFR/cancelled","A320","https://www.flightaware.com/live/aircrafttype/A320","CSZ9215","https://www.flightaware.com/live/flight/id/CSZ9215-1709725315-schedule-726p%3a0","2h 29m"
"1709900090-12","https://www.flightaware.com/live/fleet/AFR/cancelled","A320","https://www.flightaware.com/live/aircrafttype/A320","SJV191","https://www.flightaware.com/live/flight/id/SJV191-1709716247-schedule-559p%3a0","0h 35m"
"1709900100-13","https://www.flightaware.com/live/fleet/AFR/cancelled","A320","https://www.flightaware.com/live/aircrafttype/A320","AAY2828","https://www.flightaware.com/live/flight/id/AAY2828-1709727097-airline-285p%3a0","2h 57m"
"1709900109-14","https://www.flightaware.com/live/fleet/AFR/cancelled","A320","https://www.flightaware.com/live/aircrafttype/A320","EWG50","https://www.flightaware.com/live/flight/id/EWG50-1709728090-schedule-194p%3a0","1h 13m"
"1709900117-15","https://www.flightaware.com/live/fleet/AFR/cancelled","A320","https://www.flightaware.com/live/aircrafttype/A320","LDA8791","https://www.flightaware.com/live/flight/id/LDA8791-1709726234-schedule-469p%3a0","2h 10m"
"1709900120-16","https://www.flightaware.com/live/fleet/AFR/cancelled","A320","https://www.flightaware.com/live/aircrafttype/A320","AVA9832","https://www.flightaware.com/live/flight/id/AVA9832-1709726233-schedule-59p%3a0","1h 24m"
"1709900140-17","https://www.flightaware.com/live/fleet/AFR/cancelled","A320","https://www.flightaware.com/live/aircrafttype/A320","CQH7550","https://www.flightaware.com/live/flight/id/CQH7550-1709725315-schedule-894p%3a0","2h 25m"
"1709900143-18","https://www.flightaware.com/live/fleet/AFR/cancelled","A320","https://www.flightaware.com/live/aircrafttype/A320","CQH6538","https://www.flightaware.com/live/flight/id/CQH6538-1709719245-schedule-640p%3a0","2h 22m"
"1709900159-19","https://www.flightaware.com/live/fleet/AFR/cancelled","A320","https://www.flightaware.com/live/aircrafttype/A320","THA211","https://www.flightaware.com/live/flight/id/THA211-1709725314-schedule-790p%3a0","1h 30m"
"1709900171-20","https://www.flightaware.com/live/fleet/AFR/cancelled","A320","https://www.flightaware.com/live/aircrafttype/A320","EZY1371","https://www.flightaware.com/live/flight/id/EZY1371-1709724142-schedule-769p%3a0","1h 44m"
"1709900176-21","https://www.flightaware.com/live/fleet/AFR/cancelled","A320","https://www.flightaware.com/live/aircrafttype/A320","TAP1902","https://www.flightaware.com/live/flight/id/TAP1902-1709724142-schedule-710p%3a0","0h 59m"
"1709900179-22","https://www.flightaware.com/live/fleet/AFR/cancelled","A320","https://www.flightaware.com/live/aircrafttype/A320","GLG1688","https://www.flightaware.com/live/flight/id/GLG1688-1709726233-schedule-202p%3a0","2h 35m"
"1709900205-23","https://www.flightaware.com/live/fleet/AFR/cancelled","A320","https://www.flightaware.com/live/aircrafttype/A320","AAY3150","https://www.flightaware.com/live/flight/id/AAY3150-1709726781-airline-589p%3a0","3h 10m"
"1709900221-24","https://www.flightaware.com/live/fleet/AFR/cancelled","A320","https://www.flightaware.com/live/aircrafttype/A320","AFR1747","https://www.flightaware.com/live/flight/id/AFR1747-1709727170-schedule-330p%3a0","2h 27m"
"1709900240-25","https://www.flightaware.com/live/fleet/AFR/cancelled","A320","https://www.flightaware.com/live/aircrafttype/A320","EZY8697","https://www.flightaware.com/live/flight/id/EZY8697-1709726234-schedule-162p%3a0","1h 45m"
"1709900243-26","https://www.flightaware.com/live/fleet/AFR/cancelled","A320","https://www.flightaware.com/live/aircrafttype/A320","ARE4011","https://www.flightaware.com/live/flight/id/ARE4011-1709727169-schedule-302p%3a0","0h 45m"
"1709900269-27","https://www.flightaware.com/live/fleet/AFR/cancelled","A320","https://www.flightaware.com/live/aircrafttype/A320","THY402","https://www.flightaware.com/live/flight/id/THY402-1709727170-schedule-558p%3a0","4h 16m"
"1709900310-28","https://www.flightaware.com/live/fleet/AFR/cancelled","A320","https://www.flightaware.com/live/aircrafttype/A320","JAP7063","https://www.flightaware.com/live/flight/id/CCAWK-1709898972-adhoc-2729p%3a0","0h 08m"
"1709900317-29","https://www.flightaware.com/live/fleet/AFR/cancelled","A320","https://www.flightaware.com/live/aircrafttype/A320","UAL1035","https://www.flightaware.com/live/flight/id/UAL1035-1709684165-fa-396p%3a0","2h 08m"
"1709900327-30","https://www.flightaware.com/live/fleet/AFR/cancelled","A320","https://www.flightaware.com/live/aircrafttype/A320","VIV4162","https://www.flightaware.com/live/flight/id/VIV4162-1709727168-schedule-197p%3a0","1h 30m"
"1709900341-31","https://www.flightaware.com/live/fleet/AFR/cancelled","A320","https://www.flightaware.com/live/aircrafttype/A320","VLG8722","https://www.flightaware.com/live/flight/id/VLG8722-1709727170-schedule-324p%3a0","2h 48m"
"1709900347-32","https://www.flightaware.com/live/fleet/AFR/cancelled","A320","https://www.flightaware.com/live/aircrafttype/A320","CGZ7264","https://www.flightaware.com/live/flight/id/CGZ7264-1709728092-schedule-182p%3a0","2h 06m"
"1709900354-33","https://www.flightaware.com/live/fleet/AFR/cancelled","A320","https://www.flightaware.com/live/aircrafttype/A320","LXP395","https://www.flightaware.com/live/flight/id/LXP395-1709899164-adhoc-483p%3a0","0h 08m"
"1709900365-34","https://www.flightaware.com/live/fleet/AFR/cancelled","A320","https://www.flightaware.com/live/aircrafttype/A320","LDA51","https://www.flightaware.com/live/flight/id/LDA51-1709726234-schedule-249p%3a0","1h 15m"
"1709900370-35","https://www.flightaware.com/live/fleet/AFR/cancelled","A320","https://www.flightaware.com/live/aircrafttype/A320","IGO2023","https://www.flightaware.com/live/flight/id/IGO2023-1709898927-adhoc-1678p%3a0","0h 08m"
"1709900375-36","https://www.flightaware.com/live/fleet/AFR/cancelled","A320","https://www.flightaware.com/live/aircrafttype/A320","VIV1057","https://www.flightaware.com/live/flight/id/VIV1057-1709727168-schedule-55p%3a0","1h 15m"
"1709900395-37","https://www.flightaware.com/live/fleet/AFR/cancelled","A320","https://www.flightaware.com/live/aircrafttype/A320","AAY851","https://www.flightaware.com/live/flight/id/AAY851-1709727169-schedule-251p%3a0","2h 37m"
"1709900408-38","https://www.flightaware.com/live/fleet/AFR/cancelled","A320","https://www.flightaware.com/live/aircrafttype/A320","AXM6323","https://www.flightaware.com/live/flight/id/AXM6323-1709727171-schedule-268p%3a0","0h 55m"
"1709900415-39","https://www.flightaware.com/live/fleet/AFR/cancelled","A320","https://www.flightaware.com/live/aircrafttype/A320","AAL835","https://www.flightaware.com/live/flight/id/AAL835-1709726798-airline-687p%3a0","2h 26m"
"1709900432-40","https://www.flightaware.com/live/fleet/AFR/cancelled","A320","https://www.flightaware.com/live/aircrafttype/A320","QTR1072","https://www.flightaware.com/live/flight/id/QTR1072-1709726235-schedule-377p%3a0","1h 22m"
