,Aircraft,Flight Type,Origin,Destination,Departure Time,Arrival Time,Estimated Arrival Time,RealArrivalTime,EA_Time_Minutes,RA_Time_Minutes,Delay_Time
0,ABY221,A320,Sharjah Int'l (SHJ / OMSJ),al-Jouf Domestic (AJF / OESK),Fri 02:37PM +04,Fri 04:12PM +03,0 days 02:35:00,2h 55m,155.0,175,20.0
1,AFL1387,A320,Ulyanovsk Baratayeveka Airport (ULV / UWLL),Sheremetyevo Int'l (SVO / UUEE),Fri 02:38PM +04,Fri 02:58PM MSK,0 days 01:20:00,1h 30m,80.0,90,10.0
2,AIQ3215,A320,Don Muang Int'l (Old Bangkok Int'l) (DMK / VTBD),Krabi (KBV / VTSG),Fri 05:37PM +07,Fri 06:52PM +07,0 days 01:15:00,1h 15m,75.0,75,0.0
3,AIQ3557,A320,Nan (NNT / VTCN),Don Muang Int'l (Old Bangkok Int'l) (DMK / VTBD),Fri 05:38PM +07,Fri 06:28PM +07,0 days 00:50:00,0h 50m,50.0,50,0.0
4,ARE4052,A320,Alfonso Bonilla Aragon Int'l (CLO / SKCL),El Dorado Int'l (BOG / SKBO),Fri 05:37AM -05,Fri 06:16AM -05,0 days 00:45:00,0h 40m,45.0,40,-5.0
5,AWQ507,A320,Singapore Changi (SIN / WSSS),Ngurah Rai/Bali Intl (DPS / WADD),Fri 06:39PM +08,Fri 09:24PM WITA,0 days 02:45:00,0h 37m,165.0,37,-128.0
6,AXM137,A320,Hong Kong Int'l (HKG / VHHH),Kuala Lumpur Int'l (KUL / WMKK),Fri 06:36PM HKT,Fri 09:55PM +08,0 days 03:30:00,2h 35m,210.0,155,-55.0
7,AXM5173,A320,RMAF Labuan (LBU / WBKL),Kuala Lumpur Int'l (KUL / WMKK),Fri 06:39PM +08,Fri 08:44PM +08,0 days 02:05:00,2h 05m,125.0,125,0.0
8,BAW753,A320,Basle-Mulhouse (EAP / LFSB),London Heathrow (LHR / EGLL),Fri 11:38AM CET,Fri 11:46AM GMT,0 days 01:15:00,1h 45m,75.0,105,30.0
9,CBJ5964,A320,Kunming Changshui Int'l (KMG / ZPPP),Shijiazhuang Zhengding International Airport (SJW / ZBSJ),Fri 06:37PM CST,Fri 09:10PM CST,0 days 02:33:00,2h 55m,153.0,175,22.0
10,CTN481,A320,Copenhagen (CPH / EKCH),Zagreb Pleso (ZAG / LDZA),Fri 11:37AM CET,Fri 01:00PM CET,0 days 01:30:00,1h 30m,90.0,90,0.0
11,CTV435,A320,Sepinggan Int'l (BPN / WALL),Juanda Int'l (SUB / WARR),Fri 06:39PM WITA,Fri 06:59PM WIB,0 days 01:20:00,1h 40m,80.0,100,20.0
12,DAL1294,A320,Albany Intl (KALB),Detroit Metro Wayne Co (KDTW),Fri 05:37AM EST,Fri 06:56AM EST,0 days 01:19:00,1h 25m,79.0,85,6.0
13,EJU3750,A320,Barcelona Int'l (BCN / LEBL),Malpensa Int'l (MXP / LIMC),Fri 11:39AM CET,Fri 01:45PM CET,0 days 02:06:00,2h 17m,126.0,137,11.0
14,EWG7589,A320,Palma de Mallorca (or Son Sant Joan) (PMI / LEPA),Hamburg (HAM / EDDH),Fri 11:38AM CET,Fri 02:08PM CET,0 days 02:30:00,2h 30m,150.0,150,0.0
15,FHY988,A320,Adolfo Suárez Madrid-Barajas (MAD / LEMD),,Fri 11:38AM CET,,,0h 06m,,6,
16,IAD1455,A320,Bengaluru Int'l (BLR / VOBL),Biju Patnaik (BBI / VEBS),Fri 04:09PM IST,Fri 05:49PM IST,0 days 01:40:00,1h 40m,100.0,100,0.0
17,IAD792,A320,Lokpriya Gopinath Bordoloi Int'l (GAU / VEGT),Imphal (Tulihal) (IMF / VEIM),Fri 04:09PM IST,Fri 04:46PM IST,0 days 00:36:00,0h 35m,36.0,35,-1.0
18,IBE3092,A320,Adolfo Suárez Madrid-Barajas (MAD / LEMD),Porto / Oporto (OPO / LPPR),Fri 11:39AM CET,Fri 11:39AM WET,0 days 01:00:00,1h 00m,60.0,60,0.0
19,ITY343,A320,Nice Cote d'Azur (NCE / LFMN),Leonardo da Vinci Int'l (Fiumicino Int'l) (FCO / LIRF),Fri 11:38AM CET,Fri 12:44PM CET,0 days 01:09:00,0h 50m,69.0,50,-19.0
20,JAT10,A320,Comodoro Arturo Merino Benitez Int'l (SCL / SCEL),Diego Aracena Int'l (IQQ / SCDA),Fri 07:37AM -03,Fri 09:43AM -03,0 days 02:06:00,2h 03m,126.0,123,-3.0
21,PGT3706,A320,Adana Şakirpaşa (ADA / LTAF),Trabzon (TZX / LTCG),Fri 01:38PM +03,Fri 02:38PM +03,0 days 01:00:00,1h 00m,60.0,60,0.0
22,SAS613,A320,Copenhagen (CPH / EKCH),Geneva Cointrin Int'l (GVA / LSGG),Fri 11:38AM CET,Fri 01:23PM CET,0 days 01:45:00,1h 40m,105.0,100,-5.0
23,SJV872,A320,Jakarta-Soekarno-Hatta Int'l (CGK / WIII),Sultan Mahmud Badaruddin II (PLM / WIPP),Fri 05:38PM WIB,Fri 06:28PM WIB,0 days 00:50:00,0h 50m,50.0,50,0.0
24,TAM3537,A320,São Paulo-Congonhas (CGH / SBSP),Presidente Juscelino Kubitschek Int'l (BSB / SBBR),Fri 07:37AM -03,Fri 09:07AM -03,0 days 01:30:00,1h 43m,90.0,103,13.0
25,TAP1901,A320,General Humberto Delgado Airport (LIS / LPPT),Faro (FAO / LPFR),Fri 10:37AM WET,Fri 11:07AM WET,0 days 00:30:00,0h 25m,30.0,25,-5.0
26,VJC456,A320,Phu Quoc International (PQC / VVPQ),Noi Bai Int'l (HAN / VVNB),Fri 05:38PM +07,Fri 07:28PM +07,0 days 01:50:00,1h 50m,110.0,110,0.0
27,VOI453,A320,Cancun Int'l (CUN / MMUN),General Abelardo L. Rodriguez Int'l (TIJ / MMTJ),Fri 05:39AM EST,Fri 07:07AM PST,0 days 04:28:00,4h 55m,268.0,295,27.0
28,WMT4659,A320,Adolfo Suárez Madrid-Barajas (MAD / LEMD),Cluj-Napoca Int'l (Someşeni) (CLJ / LRCL),Fri 11:36AM CET,Fri 03:20PM EET,0 days 02:44:00,2h 54m,164.0,174,10.0
29,AIQ3351,A320,Udon Thani Int'l (UTH / VTUD),Don Muang Int'l (Old Bangkok Int'l) (DMK / VTBD),Fri 06:05PM +07,Fri 06:50PM +07,0 days 00:45:00,0h 45m,45.0,45,0.0
30,AXM6460,A320,Kuching Int'l (KCH / WBGG),Sibu (SBW / WBGS),Fri 07:06PM +08,Fri 07:26PM +08,0 days 00:20:00,0h 49m,20.0,49,29.0
31,BAW501,A320,General Humberto Delgado Airport (LIS / LPPT),London Heathrow (LHR / EGLL),Fri 11:06AM WET,Fri 01:31PM GMT,0 days 02:25:00,2h 40m,145.0,160,15.0
32,CSC3281,A320,Xi'an Xianyang Int'l (XIY / ZLXY),Yibin (YBP / ZUYB),Fri 07:06PM CST,Fri 08:29PM CST,0 days 01:23:00,1h 34m,83.0,94,11.0
33,CSN3927,A320,Changsha Huanghua Int'l (CSX / ZGHA),Taiyuan Wusu (TYN / ZBYN),Fri 07:06PM CST,Fri 08:48PM CST,0 days 01:42:00,1h 51m,102.0,111,9.0
34,CTV418,A320,Juanda Int'l (SUB / WARR),Supadio (PNK / WIOO),Fri 06:05PM WIB,Fri 07:30PM WIB,0 days 01:25:00,1h 34m,85.0,94,9.0
35,DAL1308,A320,Melbourne Orlando Intl (KMLB),Hartsfield-Jackson Intl (KATL),Fri 06:04AM EST,Fri 07:08AM EST,0 days 01:10:00,1h 55m,70.0,115,45.0
36,DKH1156,A320,Zhuhai Int'l (ZUH / ZGSD),Shanghai Pudong Int'l (PVG / ZSPD),Fri 07:06PM CST,Fri 09:03PM CST,0 days 01:51:00,2h 18m,111.0,138,27.0
37,EWG252,A320,Cologne Bonn (CGN / EDDK),Tenerife South (Reina Sofia) (TFS / GCTS),Fri 12:05PM CET,Fri 03:40PM WET,0 days 04:35:00,4h 35m,275.0,275,0.0
38,EZY2276,A320,Enfidha-Hammamet International Airport (NBE / DTNH),Manchester (MAN / EGCC),Fri 12:05PM CET,Fri 01:49PM GMT,0 days 02:44:00,2h 54m,164.0,174,10.0
39,EZY2541,A320,London Luton (LTN / EGGW),Geneva Cointrin Int'l (GVA / LSGG),Fri 11:06AM GMT,Fri 01:32PM CET,0 days 01:27:00,1h 47m,87.0,107,20.0
40,JBU592,A320,Tampa Intl (KTPA),Boston Logan Intl (KBOS),Fri 06:06AM EST,Fri 08:35AM EST,0 days 02:27:00,2h 52m,147.0,172,25.0
41,JBU959,A320,Bradley Intl (KBDL),Fort Lauderdale Intl (KFLL),Fri 06:06AM EST,Fri 08:36AM EST,0 days 02:30:00,2h 47m,150.0,167,17.0
42,KHV841,A320,Da Nang Int'l (DAD / VVDN),Siem Reap–Angkor International Airport (SAI / VDSA),Fri 06:05PM +07,Fri 07:05PM +07,0 days 01:00:00,1h 15m,60.0,75,15.0
43,LPE2042,A320,Subteniente FAP Alejandro Velasco Astete Int'l (CUZ / SPZO),Jorge Chávez Int'l (LIM / SPJC),Fri 06:07AM -05,Fri 07:12AM -05,0 days 01:05:00,1h 15m,65.0,75,10.0
44,NKS1589,A320,New Orleans Intl (KMSY),Newark Liberty Intl (KEWR),Fri 05:05AM CST,Fri 08:29AM EST,0 days 02:24:00,0h 06m,144.0,6,-138.0
45,OTC7204,A320,Tongren Daxing (TEN / ZUTR),Wuxi (WUX / ZSWX),Fri 07:05PM CST,Fri 08:40PM CST,0 days 01:35:00,1h 58m,95.0,118,23.0
46,QDA6074,A320,Nanjing Lukou Int'l (NKG / ZSNJ),Shenyang Taoxian Int'l (SHE / ZYTX),Fri 07:05PM CST,Fri 08:54PM CST,0 days 01:53:00,2h 34m,113.0,154,41.0
47,QDA9901,A320,Qingdao Jiaodong Int'l (TAO / ZSQD),Incheon Int'l (ICN / RKSI),Fri 07:05PM CST,Fri 09:08PM KST,0 days 01:04:00,1h 45m,64.0,105,41.0
48,SJV816,A320,Jakarta-Soekarno-Hatta Int'l (CGK / WIII),Minangkabau Int'l (replaced Tabing) (PDG / WIEE),Fri 06:06PM WIB,Fri 07:31PM WIB,0 days 01:25:00,2h 00m,85.0,120,35.0
49,TGW124,A320,Singapore Changi (SIN / WSSS),Changsha Huanghua Int'l (CSX / ZGHA),Fri 07:06PM +08,Fri 11:31PM CST,0 days 04:25:00,1h 33m,265.0,93,-172.0
50,AAL835,A320,Tampa Intl (KTPA),Philadelphia Intl (KPHL),Fri 07:10AM EST,Fri 09:16AM EST,0 days 02:06:00,2h 26m,126.0,146,20.0
51,AAY2828,A320,Orlando Sanford Intl (KSFB),The Eastern Iowa (KCID),Fri 07:08AM EST,Fri 09:01AM CST,0 days 02:37:00,2h 57m,157.0,177,20.0
52,AAY3150,A320,Bishop Intl (KFNT),Punta Gorda (KPGD),Fri 07:09AM EST,Fri 10:01AM EST,0 days 02:35:00,3h 10m,155.0,190,35.0
53,AAY851,A320,Punta Gorda (KPGD),Niagara Falls Intl (KIAG),Fri 07:10AM EST,Fri 09:41AM EST,0 days 02:31:00,2h 37m,151.0,157,6.0
54,AFR1747,A320,Malaga (AGP / LEMG),Charles de Gaulle/Roissy (CDG / LFPG),Fri 01:09PM CET,Fri 03:18PM CET,0 days 02:20:00,2h 27m,140.0,147,7.0
55,ARE4011,A320,Jose Maria Cordova Int'l (MDE / SKRG),El Dorado Int'l (BOG / SKBO),Fri 07:09AM -05,Fri 07:42AM -05,0 days 00:33:00,0h 45m,33.0,45,12.0
56,AVA9832,A320,El Dorado Int'l (BOG / SKBO),Los Garzones (MTR / SKMR),Fri 07:09AM -05,Fri 08:16AM -05,0 days 01:07:00,1h 24m,67.0,84,17.0
57,AXM6323,A320,Langkawi Int'l (LGK / WMKL),Kuala Lumpur Int'l (KUL / WMKK),Fri 08:10PM +08,Fri 09:05PM +08,0 days 00:55:00,0h 55m,55.0,55,0.0
58,CGZ7264,A320,Wuhan Tianhe (WUH / ZHHH),Xingyi Wanfenglin Airport (ACX / ZUYI),Fri 08:10PM CST,Fri 10:10PM CST,0 days 02:00:00,2h 06m,120.0,126,6.0
59,CQH6538,A320,Fukuoka (FUK / RJFF),Shanghai Pudong Int'l (PVG / ZSPD),Fri 09:09PM JST,Fri 09:46PM CST,0 days 01:37:00,2h 22m,97.0,142,45.0
60,CQH7550,A320,Shenyang Taoxian Int'l (SHE / ZYTX),Ningbo Lishe Int'l (NGB / ZSNB),Fri 08:09PM CST,Fri 10:26PM CST,0 days 02:19:00,2h 25m,139.0,145,6.0
61,CSN5131,A320,Changsha Huanghua Int'l (CSX / ZGHA),Quanzhou Jinjiang (JJN / ZSQZ),Fri 08:08PM CST,Fri 09:22PM CST,0 days 01:15:00,1h 27m,75.0,87,12.0
62,CSZ9215,A320,Shenzhen Bao'an Int'l (SZX / ZGSZ),Xi'an Xianyang Int'l (XIY / ZLXY),Fri 08:08PM CST,Fri 10:27PM CST,0 days 02:20:00,2h 29m,140.0,149,9.0
63,CTV84,A320,Halim Perdanakusuma Int'l (HLP / WIHH),Sultan Mahmud Badaruddin II (PLM / WIPP),Fri 07:08PM WIB,Fri 07:39PM WIB,0 days 00:49:00,1h 15m,49.0,75,26.0
64,EJU7980,A320,Menara Int'l (RAK / GMMX),Amsterdam Schiphol (AMS / EHAM),Fri 01:08PM +01,Fri 04:24PM CET,0 days 03:06:00,3h 31m,186.0,211,25.0
65,EWG50,A320,Cologne Bonn (CGN / EDDK),Berlin-Brandenburg (BER / EDDB),Fri 01:09PM CET,Fri 02:12PM CET,0 days 01:03:00,1h 13m,63.0,73,10.0
66,EZY1371,A320,Geneva Cointrin Int'l (GVA / LSGG),Valencia (VLC / LEVC),Fri 01:09PM CET,Fri 02:34PM CET,0 days 01:25:00,1h 44m,85.0,104,19.0
67,EZY330,A320,Belfast Int'l (BFS / EGAA),Edinburgh (EDI / EGPH),Fri 12:08PM GMT,Fri 12:31PM GMT,0 days 00:21:00,0h 52m,21.0,52,31.0
68,EZY8697,A320,London Gatwick (LGW / EGKK),Innsbruck (Kranebitten) (INN / LOWI),Fri 12:09PM GMT,Fri 02:31PM CET,0 days 01:22:00,1h 45m,82.0,105,23.0
69,FLI453,A320,Copenhagen (CPH / EKCH),Vagar (FAE / EKVG),Fri 01:08PM CET,Fri 02:05PM WET,0 days 01:55:00,2h 30m,115.0,150,35.0
70,GLG1688,A320,Mariscal Sucre Int'l (UIO / SEQM),Seymour (GPS / SEGS),Fri 07:09AM -05,Fri 08:13AM -06,0 days 02:04:00,2h 35m,124.0,155,31.0
71,GXA3139,A320,Miami Intl (KMIA),Jose Marti Int'l (HAV / MUHA),Fri 07:08AM EST,Fri 07:55AM CST,0 days 00:47:00,0h 47m,47.0,47,0.0
72,QTR1072,A320,Hamad Int'l (DOH / OTHH),Kuwait Int'l (KWI / OKKK),Fri 03:11PM +03,Fri 04:21PM +03,0 days 01:10:00,1h 22m,70.0,82,12.0
73,SJV191,A320,Kuala Lumpur Int'l (KUL / WMKK),Sultan Syarif Qasim II Int'l (Simpang Tiga) (PKU / WIBB),Fri 08:08PM +08,Fri 07:43PM WIB,0 days 00:35:00,0h 35m,35.0,35,0.0
74,TAP1902,A320,Faro (FAO / LPFR),General Humberto Delgado Airport (LIS / LPPT),Fri 12:09PM WET,Fri 12:53PM WET,0 days 00:44:00,0h 59m,44.0,59,15.0
75,THA211,A320,Suvarnabhumi Bangkok Int'l (BKK / VTBS),Phuket Int'l (HKT / VTSP),Fri 07:09PM +07,Fri 08:33PM +07,0 days 01:24:00,1h 30m,84.0,90,6.0
76,THY402,A320,Pulkovo (LED / ULLI),Istanbul Airport (IST / LTFM),Fri 03:09PM MSK,Fri 07:00PM +03,0 days 03:51:00,4h 16m,231.0,256,25.0
77,UAL1035,A320,Reagan National (KDCA),Chicago O'Hare Intl (KORD),Fri 07:10AM EST,Fri 07:55AM CST,0 days 01:50:00,2h 08m,110.0,128,18.0
78,VIV1057,A320,Don Miguel Hidalgo y Costilla Int'l (GDL / MMGL),Lic. Benito Juarez Int'l (MEX / MMMX),Fri 06:10AM CST,Fri 07:15AM CST,0 days 01:05:00,1h 15m,65.0,75,10.0
79,VIV4162,A320,General Mariano Escobedo Int'l (MTY / MMMY),General Heriberto Jara Int'l (VER / MMVR),Fri 06:10AM CST,Fri 07:25AM CST,0 days 01:15:00,1h 30m,75.0,90,15.0
80,VLG8722,A320,Barcelona Int'l (BCN / LEBL),Dublin Int'l (DUB / EIDW),Fri 01:10PM CET,Fri 02:38PM GMT,0 days 02:28:00,2h 48m,148.0,168,20.0
81,VTI563,A320,Chatrapati Shivaji Int'l (BOM / VABB),Jaipur (Sanganer) (JAI / VIJP),Fri 05:38PM IST,Fri 07:13PM IST,0 days 01:35:00,2h 04m,95.0,124,29.0
