﻿web-scraper-order,web-scraper-start-url,Aire320,Aire320-href,Aircraft,Aircraft-href,RealArrivalTime
"1709744468-1","https://www.flightaware.com/live/fleet/AFR/cancelled","A320","https://www.flightaware.com/live/aircrafttype/A320","ARE4129","https://www.flightaware.com/live/flight/id/ARE4129-1709570865-schedule-999p%3a0","1h 11m"
"1709744473-2","https://www.flightaware.com/live/fleet/AFR/cancelled","A320","https://www.flightaware.com/live/aircrafttype/A320","AUA354","https://www.flightaware.com/live/flight/id/AUA354-1709570866-schedule-1343p%3a0","1h 25m"
"1709744479-3","https://www.flightaware.com/live/fleet/AFR/cancelled","A320","https://www.flightaware.com/live/aircrafttype/A320","FIN456","https://www.flightaware.com/live/flight/id/FIN456-1709571801-schedule-1757p%3a0","0h 45m"
"1709744485-4","https://www.flightaware.com/live/fleet/AFR/cancelled","A320","https://www.flightaware.com/live/aircrafttype/A320","BAW1448","https://www.flightaware.com/live/flight/id/BAW1448-1709735625-airline-458p%3a0","1h 25m"
"1709744499-5","https://www.flightaware.com/live/fleet/AFR/cancelled","A320","https://www.flightaware.com/live/aircrafttype/A320","ABQ470","https://www.flightaware.com/live/flight/id/ABQ470-1709575760-schedule-1272p%3a0","6h 00m"
"1709744508-6","https://www.flightaware.com/live/fleet/AFR/cancelled","A320","https://www.flightaware.com/live/aircrafttype/A320","EZS1453","https://www.flightaware.com/live/flight/id/EZS1453-1709618437-fa-976p%3a0","2h 20m"
"1709744516-7","https://www.flightaware.com/live/fleet/AFR/cancelled","A320","https://www.flightaware.com/live/aircrafttype/A320","AFR7309","https://www.flightaware.com/live/flight/id/AFR7309-1709571801-schedule-1649p%3a0","1h 35m"
"1709744521-8","https://www.flightaware.com/live/fleet/AFR/cancelled","A320","https://www.flightaware.com/live/aircrafttype/A320","FAD143","https://www.flightaware.com/live/flight/id/FAD143-1709570866-schedule-1479p%3a0","1h 35m"
"1709744530-9","https://www.flightaware.com/live/fleet/AFR/cancelled","A320","https://www.flightaware.com/live/aircrafttype/A320","HKE765","https://www.flightaware.com/live/flight/id/HKE765-1709571801-schedule-5549p%3a0","3h 05m"
"1709744538-10","https://www.flightaware.com/live/fleet/AFR/cancelled","A320","https://www.flightaware.com/live/aircrafttype/A320","EIN844","https://www.flightaware.com/live/flight/id/EIN844-1709571801-schedule-1487p%3a0","1h 25m"
"1709744545-11","https://www.flightaware.com/live/fleet/AFR/cancelled","A320","https://www.flightaware.com/live/aircrafttype/A320","FAD508","https://www.flightaware.com/live/flight/id/FAD508-1709571801-schedule-1858p%3a0","1h 35m"
"1709744548-12","https://www.flightaware.com/live/fleet/AFR/cancelled","A320","https://www.flightaware.com/live/aircrafttype/A320","EZY6563","https://www.flightaware.com/live/flight/id/EZY6563-1709570866-schedule-1111p%3a0","1h 13m"
"1709744553-13","https://www.flightaware.com/live/fleet/AFR/cancelled","A320","https://www.flightaware.com/live/aircrafttype/A320","UAL2120","https://www.flightaware.com/live/flight/id/UAL2120-1709570865-schedule-572p%3a0","2h 39m"
"1709744557-14","https://www.flightaware.com/live/fleet/AFR/cancelled","A320","https://www.flightaware.com/live/aircrafttype/A320","DAL2205","https://www.flightaware.com/live/flight/id/DAL2205-1709529131-fa-675p%3a0","2h 44m"
"1709744562-15","https://www.flightaware.com/live/fleet/AFR/cancelled","A320","https://www.flightaware.com/live/aircrafttype/A320","THY1845","https://www.flightaware.com/live/flight/id/THY1845-1709570866-schedule-1481p%3a0","1h 10m"
"1709744570-16","https://www.flightaware.com/live/fleet/AFR/cancelled","A320","https://www.flightaware.com/live/aircrafttype/A320","IAD558","https://www.flightaware.com/live/flight/id/IAD558-1709570867-schedule-1098p%3a0","2h 10m"
"1709744576-17","https://www.flightaware.com/live/fleet/AFR/cancelled","A320","https://www.flightaware.com/live/aircrafttype/A320","AVA220","https://www.flightaware.com/live/flight/id/AVA220-1709569901-schedule-2134p%3a0","2h 10m"
"1709744581-18","https://www.flightaware.com/live/fleet/AFR/cancelled","A320","https://www.flightaware.com/live/aircrafttype/A320","ARE4404","https://www.flightaware.com/live/flight/id/ARE4404-1709570865-schedule-1019p%3a0","1h 40m"
"1709744586-19","https://www.flightaware.com/live/fleet/AFR/cancelled","A320","https://www.flightaware.com/live/aircrafttype/A320","AAL2468","https://www.flightaware.com/live/flight/id/AAL2468-1709568988-airline-447p%3a0","2h 58m"
"1709744591-20","https://www.flightaware.com/live/fleet/AFR/cancelled","A320","https://www.flightaware.com/live/aircrafttype/A320","WAL522","https://www.flightaware.com/live/flight/id/WAL522-1709676943-sw-1070p%3a0","0h 50m"
"1709744596-21","https://www.flightaware.com/live/fleet/AFR/cancelled","A320","https://www.flightaware.com/live/aircrafttype/A320","AVA9726","https://www.flightaware.com/live/flight/id/AVA9726-1709570865-schedule-1043p%3a0","0h 44m"
"1709744603-22","https://www.flightaware.com/live/fleet/AFR/cancelled","A320","https://www.flightaware.com/live/aircrafttype/A320","TAP455","https://www.flightaware.com/live/flight/id/TAP455-1709567823-schedule-64p%3a0","1h 50m"
"1709744608-23","https://www.flightaware.com/live/fleet/AFR/cancelled","A320","https://www.flightaware.com/live/aircrafttype/A320","LPE2111","https://www.flightaware.com/live/flight/id/LPE2111-1709570865-schedule-945p%3a0","1h 15m"
"1709744613-24","https://www.flightaware.com/live/fleet/AFR/cancelled","A320","https://www.flightaware.com/live/aircrafttype/A320","EIN174","https://www.flightaware.com/live/flight/id/EIN174-1709570866-schedule-1053p%3a0","1h 00m"
"1709744618-25","https://www.flightaware.com/live/fleet/AFR/cancelled","A320","https://www.flightaware.com/live/aircrafttype/A320","EZY8407","https://www.flightaware.com/live/flight/id/EZY8407-1709570866-schedule-1109p%3a0","1h 15m"
"1709744624-26","https://www.flightaware.com/live/fleet/AFR/cancelled","A320","https://www.flightaware.com/live/aircrafttype/A320","EWG4PY","https://www.flightaware.com/live/flight/id/EWG4PY-1709743709-adhoc-302p%3a0","2h 03m"
"1709744631-27","https://www.flightaware.com/live/fleet/AFR/cancelled","A320","https://www.flightaware.com/live/aircrafttype/A320","THY2612","https://www.flightaware.com/live/flight/id/THY2612-1709570866-schedule-1462p%3a0","1h 35m"
"1709744637-28","https://www.flightaware.com/live/fleet/AFR/cancelled","A320","https://www.flightaware.com/live/aircrafttype/A320","AIC605","https://www.flightaware.com/live/flight/id/AIC605-1709567823-schedule-354p%3a0","1h 50m"
"1709744643-29","https://www.flightaware.com/live/fleet/AFR/cancelled","A320","https://www.flightaware.com/live/aircrafttype/A320","BAW808","https://www.flightaware.com/live/flight/id/BAW808-1709568378-airline-5770p%3a0","1h 55m"
"1709744648-30","https://www.flightaware.com/live/fleet/AFR/cancelled","A320","https://www.flightaware.com/live/aircrafttype/A320","DLH194","https://www.flightaware.com/live/flight/id/DLH194-1709570866-schedule-1326p%3a0","0h 50m"
"1709744654-31","https://www.flightaware.com/live/fleet/AFR/cancelled","A320","https://www.flightaware.com/live/aircrafttype/A320","LPE2320","https://www.flightaware.com/live/flight/id/LPE2320-1709570865-schedule-1030p%3a0","0h 47m"
"1709744659-32","https://www.flightaware.com/live/fleet/AFR/cancelled","A320","https://www.flightaware.com/live/aircrafttype/A320","SAS1020","https://www.flightaware.com/live/flight/id/SAS1020-1709571801-schedule-1544p%3a0","0h 50m"
"1709744664-33","https://www.flightaware.com/live/fleet/AFR/cancelled","A320","https://www.flightaware.com/live/aircrafttype/A320","BAW1449","https://www.flightaware.com/live/flight/id/BAW1449-1709562932-schedule-496p%3a0","1h 05m"
"1709744669-34","https://www.flightaware.com/live/fleet/AFR/cancelled","A320","https://www.flightaware.com/live/aircrafttype/A320","NKS1619","https://www.flightaware.com/live/flight/id/NKS1619-1709571800-schedule-1819p%3a0","2h 06m"
"1709744675-35","https://www.flightaware.com/live/fleet/AFR/cancelled","A320","https://www.flightaware.com/live/aircrafttype/A320","TAM3927","https://www.flightaware.com/live/flight/id/TAM3927-1709571800-schedule-1983p%3a0","0h 45m"
"1709744681-36","https://www.flightaware.com/live/fleet/AFR/cancelled","A320","https://www.flightaware.com/live/aircrafttype/A320","DAL676","https://www.flightaware.com/live/flight/id/DAL676-1709529166-fa-298p%3a0","2h 06m"
"1709744690-37","https://www.flightaware.com/live/fleet/AFR/cancelled","A320","https://www.flightaware.com/live/aircrafttype/A320","ANZ582","https://www.flightaware.com/live/flight/id/ANZ582-1709570867-schedule-1180p%3a10","1h 05m"
"1709744698-38","https://www.flightaware.com/live/fleet/AFR/cancelled","A320","https://www.flightaware.com/live/aircrafttype/A320","VLG3916","https://www.flightaware.com/live/flight/id/VLG3916-1709570866-schedule-1332p%3a0","0h 30m"
"1709744704-39","https://www.flightaware.com/live/fleet/AFR/cancelled","A320","https://www.flightaware.com/live/aircrafttype/A320","QTR630","https://www.flightaware.com/live/flight/id/QTR630-1709570866-schedule-1465p%3a0","3h 10m"
"1709744709-40","https://www.flightaware.com/live/fleet/AFR/cancelled","A320","https://www.flightaware.com/live/aircrafttype/A320","LBT613","https://www.flightaware.com/live/flight/id/LBT613-1709570866-schedule-1294p%3a0","1h 26m"
