,Aircraft,Flight Type,Origin,Destination,Departure Time,Arrival Time,Estimated Arrival Time,RealArrivalTime,EA_Time_Minutes,RA_Time_Minutes,Delay_Time
0,AAY3187,A320,Punta Gorda (KPGD),Appleton Intl (KATW),Tue 04:10PM EST,Tue 06:09PM CST,0 days 02:32:00,2h 42m,152.0,162,10.0
1,ABY945,A320,Kazan (KZN / UWKD),Sharjah Int'l (SHJ / OMSJ),Wed 12:11AM MSK,Wed 05:51AM +04,0 days 04:40:00,4h 40m,280.0,280,0.0
2,AEE218,A320,Athens Int'l  Eleftherios Venizelos (ATH / LGAV),Rhodes Int'l  Diagoras (RHO / LGRP),Tue 11:10PM EET,Tue 11:59PM EET,0 days 00:25:00,0h 59m,25.0,59,34.0
3,AVA4813,A320,El Dorado Int'l (BOG / SKBO),El Alcaravan (EYP / SKYP),Tue 04:09PM -05,Tue 04:36PM -05,0 days 00:41:00,1h 01m,41.0,61,20.0
4,AVA8518,A320,Matecana Int'l (PEI / SKPE),El Dorado Int'l (BOG / SKBO),Tue 04:13PM -05,Tue 04:51PM -05,0 days 00:38:00,1h 02m,38.0,62,24.0
5,AVA8598,A320,Antonio Narino (PSO / SKPS),El Dorado Int'l (BOG / SKBO),Tue 04:13PM -05,Tue 04:33PM -05,0 days 00:20:00,1h 18m,20.0,78,58.0
6,AVA9205,A320,El Dorado Int'l (BOG / SKBO),Alfonso Bonilla Aragon Int'l (CLO / SKCL),Tue 04:10PM -05,Tue 05:00PM -05,0 days 00:50:00,1h 39m,50.0,99,49.0
7,AVA9547,A320,Rafael Nunez Int'l (CTG / SKCG),El Dorado Int'l (BOG / SKBO),Tue 04:08PM -05,Tue 04:43PM -05,0 days 00:35:00,1h 31m,35.0,91,56.0
8,CEB203,A320,Mactan-Cebu Int'l (CEB / RPVM),Laguindingan Intl (CGY / RPMY),Wed 05:10AM PST,Wed 05:45AM PST,0 days 00:35:00,0h 35m,35.0,35,0.0
9,CEB551,A320,Manila Int'l (MNL / RPLL),Mactan-Cebu Int'l (CEB / RPVM),Wed 05:11AM PST,Wed 06:05AM PST,0 days 00:55:00,1h 04m,55.0,64,9.0
10,DAL1389,A320,Detroit Metro Wayne Co (KDTW),Boston Logan Intl (KBOS),Tue 04:09PM EST,Tue 05:30PM EST,0 days 01:21:00,1h 50m,81.0,110,29.0
11,DAL2050,A320,Hartsfield-Jackson Intl (KATL),Buffalo Niagara Intl (KBUF),Tue 04:08PM EST,Tue 05:36PM EST,0 days 01:28:00,1h 53m,88.0,113,25.0
12,DAL2260,A320,Austin-Bergstrom Intl (KAUS),Harry Reid Intl (KLAS),Tue 03:12PM CST,Tue 03:49PM PST,0 days 02:38:00,3h 01m,158.0,181,23.0
13,EZY2114,A320,Charles de Gaulle/Roissy (CDG / LFPG),Manchester (MAN / EGCC),Tue 10:10PM CET,Tue 10:00PM GMT,0 days 01:00:00,1h 22m,60.0,82,22.0
14,EZY2168,A320,Amsterdam Schiphol (AMS / EHAM),Manchester (MAN / EGCC),Tue 10:11PM CET,Tue 10:05PM GMT,0 days 00:57:00,1h 15m,57.0,75,18.0
15,EZY3302,A320,Amsterdam Schiphol (AMS / EHAM),Edinburgh (EDI / EGPH),Tue 10:13PM CET,Tue 10:16PM GMT,0 days 01:03:00,1h 15m,63.0,75,12.0
16,EZY7652,A320,Adolfo Suárez Madrid-Barajas (MAD / LEMD),General Humberto Delgado Airport (LIS / LPPT),Tue 10:13PM CET,Tue 10:12PM WET,0 days 00:59:00,1h 13m,59.0,73,14.0
17,GAP2203,A320,Manila Int'l (MNL / RPLL),Roxas (RXS / RPVR),Wed 05:09AM PST,Wed 05:30AM PST,0 days 00:21:00,1h 34m,21.0,94,73.0
18,GAP2967,A320,Manila Int'l (MNL / RPLL),Bancasi (Butuan) (BXU / RPME),Wed 05:13AM PST,Wed 06:33AM PST,0 days 01:20:00,1h 52m,80.0,112,32.0
19,IBS3849,A320,Gran Canaria Int'l (LPA / GCLP),Adolfo Suárez Madrid-Barajas (MAD / LEMD),Tue 09:13PM WET,Wed 12:22AM CET,0 days 02:09:00,2h 22m,129.0,142,13.0
20,ITY1603,A320,Leonardo da Vinci Int'l (Fiumicino Int'l) (FCO / LIRF),Palese Macchie (BRI / LIBD),Tue 10:11PM CET,Tue 11:04PM CET,0 days 00:45:00,1h 07m,45.0,67,22.0
21,JBU1130,A320,Fort Lauderdale Intl (KFLL),Charleston Intl/AFB (KCHS),Tue 04:12PM EST,Tue 05:21PM EST,0 days 01:05:00,1h 30m,65.0,90,25.0
22,JBU1754,A320,Luis Munoz Marin Intl (SJU / TJSJ),Fort Lauderdale Intl (KFLL),Tue 05:09PM AST,Tue 06:33PM EST,0 days 02:43:00,2h 59m,163.0,179,16.0
23,JBU371,A320,LaGuardia (KLGA),Fort Lauderdale Intl (KFLL),Tue 04:10PM EST,Tue 06:35PM EST,0 days 02:58:00,3h 06m,178.0,186,8.0
24,JST403,A320,Gold Coast (OOL / YBCG),Sydney (SYD / YSSY),Wed 07:11AM AEST,Wed 09:21AM AEDT,0 days 00:50:00,1h 20m,50.0,80,30.0
25,JZR228,A320,King Khalid Int'l (RUH / OERK),Kuwait Int'l (KWI / OKKK),Wed 12:11AM +03,Wed 01:01AM +03,0 days 00:50:00,1h 00m,50.0,60,10.0
26,KAC382,A320,Indira Gandhi Int'l (DEL / VIDP),Kuwait Int'l (KWI / OKKK),Wed 02:40AM IST,Wed 04:55AM +03,0 days 04:45:00,4h 55m,285.0,295,10.0
27,LPE2330,A320,Jorge Chávez Int'l (LIM / SPJC),Rodriguez Ballon Int'l (AQP / SPQU),Tue 04:09PM -05,Tue 05:24PM -05,0 days 01:15:00,1h 39m,75.0,99,24.0
28,PIA258,A320,Sharjah Int'l (SHJ / OMSJ),Peshawar Int'l (PEW / OPPS),Wed 01:10AM +04,Wed 04:40AM PKT,0 days 02:30:00,2h 40m,150.0,160,10.0
29,SVA1054,A320,King Abdulaziz Int'l (JED / OEJN),King Khalid Int'l (RUH / OERK),Wed 12:10AM +03,Wed 01:35AM +03,0 days 01:25:00,1h 35m,85.0,95,10.0
30,TAI316,A320,Tocumen Int'l (PTY / MPTO),El Salvador Int'l (SAL / MSLP),Tue 04:09PM EST,Tue 04:33PM CST,0 days 01:24:00,2h 05m,84.0,125,41.0
31,TAM3102,A320,São Paulo-Congonhas (CGH / SBSP),Santa Genoveva (GYN / SBGO),Tue 06:12PM -03,Tue 07:37PM -03,0 days 01:25:00,1h 35m,85.0,95,10.0
32,TAM3631,A320,Deputado Luis Eduardo Magalhaes Int'l (Dois de Julho) (SSA / SBSV),São Paulo-Congonhas (CGH / SBSP),Tue 06:12PM -03,Tue 08:32PM -03,0 days 02:20:00,2h 30m,140.0,150,10.0
33,TAP1549,A320,General Humberto Delgado Airport (LIS / LPPT),Amilcar Cabral Int'l (SID / GVAC),Tue 09:12PM WET,Wed 12:02AM -01,0 days 03:50:00,4h 07m,230.0,247,17.0
34,THA314,A320,Netaji Subhash Chandra Bose Int'l (CCU / VECC),Suvarnabhumi Bangkok Int'l (BKK / VTBS),Wed 02:42AM IST,Wed 06:17AM +07,0 days 02:05:00,2h 15m,125.0,135,10.0
35,UAL1243,A320,Lic. Gustavo Diaz Ordaz Int'l (PVR / MMPR),San Francisco Int'l (KSFO),Tue 03:09PM CST,Tue 05:05PM PST,0 days 03:57:00,4h 26m,237.0,266,29.0
36,VOI135,A320,Xoxocotlan Int'l (OAX / MMOX),Cancun Int'l (CUN / MMUN),Tue 03:12PM CST,Tue 05:55PM EST,0 days 01:43:00,2h 05m,103.0,125,22.0
37,AAL1571,A320,John Glenn Columbus Intl Airport (KCMH),Charlotte/Douglas Intl (KCLT),Tue 04:27PM EST,Tue 05:23PM EST,0 days 00:54:00,1h 25m,54.0,85,31.0
38,AAL1742,A320,General Mariano Escobedo Int'l (MTY / MMMY),Dallas-Fort Worth Intl (KDFW),Tue 03:26PM CST,Tue 04:54PM CST,0 days 01:23:00,1h 43m,83.0,103,20.0
39,AAL2840,A320,Chicago O'Hare Intl (KORD),Philadelphia Intl (KPHL),Tue 03:25PM CST,Tue 05:58PM EST,0 days 01:37:00,1h 49m,97.0,109,12.0
40,ANZ418,A320,Wellington Int'l (WLG / NZWN),Auckland (AKL / NZAA),Wed 10:24AM NZDT,Wed 11:08AM NZDT,0 days 00:39:00,0h 59m,39.0,59,20.0
41,ARE4005,A320,Jose Maria Cordova Int'l (MDE / SKRG),El Dorado Int'l (BOG / SKBO),Tue 04:29PM -05,Tue 05:02PM -05,0 days 00:33:00,0h 37m,33.0,37,4.0
42,ARE4176,A320,El Dorado Int'l (BOG / SKBO),Palonegro (BGA / SKBG),Tue 04:24PM -05,Tue 04:55PM -05,0 days 00:13:00,0h 43m,13.0,43,30.0
43,AUA220,A320,Frankfurt Int'l (FRA / EDDF),Vienna Int'l (Schwechat) (VIE / LOWW),Tue 10:26PM CET,Tue 11:16PM CET,0 days 00:56:00,1h 00m,56.0,60,4.0
44,AVA9552,A320,El Dorado Int'l (BOG / SKBO),Rafael Nunez Int'l (CTG / SKCG),Tue 04:28PM -05,Tue 05:43PM -05,0 days 01:15:00,1h 15m,75.0,75,0.0
45,AVA9776,A320,El Dorado Int'l (BOG / SKBO),Gustavo Rojas Pinilla Int'l (Sesquicentenario) (ADZ / SKSP),Tue 04:29PM -05,Tue 05:57PM -05,0 days 01:52:00,1h 54m,112.0,114,2.0
46,AZU2700,A320,Viracopos Int'l (VCP / SBKP),Campo Grande Int'l (CGR / SBCG),Tue 06:25PM -03,Tue 06:46PM -04,0 days 01:18:00,1h 40m,78.0,100,22.0
47,AZU4555,A320,Sinop (OPS / SBSI),Viracopos Int'l (VCP / SBKP),Tue 05:24PM -04,Tue 08:28PM -03,0 days 01:57:00,2h 20m,117.0,140,23.0
48,CRK764,A320,Suvarnabhumi Bangkok Int'l (BKK / VTBS),Hong Kong Int'l (HKG / VHHH),Wed 04:24AM +07,Wed 07:31AM HKT,0 days 02:25:00,2h 25m,145.0,145,0.0
49,DAL715,A320,Minneapolis/St Paul Intl (KMSP),Chicago O'Hare Intl (KORD),Tue 03:26PM CST,Tue 04:21PM CST,0 days 00:55:00,1h 10m,55.0,70,15.0
50,DLH1682,A320,Munich Int'l (MUC / EDDM),Budapest Ferenc Liszt International Airport (BUD / LHBP),Tue 10:26PM CET,Tue 11:15PM CET,0 days 00:55:00,0h 55m,55.0,55,0.0
51,EZY318,A320,London Stansted (STN / EGSS),Edinburgh (EDI / EGPH),Tue 09:25PM GMT,Tue 10:18PM GMT,0 days 00:48:00,1h 15m,48.0,75,27.0
52,EZY340,A320,Birmingham Int'l (BHX / EGBB),Edinburgh (EDI / EGPH),Tue 09:24PM GMT,Tue 10:19PM GMT,0 days 00:39:00,1h 05m,39.0,65,26.0
53,EZY7756,A320,Madeira Int'l (Funchal) (FNC / LPMA),Porto / Oporto (OPO / LPPR),Tue 09:28PM WET,Tue 10:59PM WET,0 days 01:31:00,2h 00m,91.0,120,29.0
54,FAD764,A320,Cairo Int'l (CAI / HECA),King Abdulaziz Int'l (JED / OEJN),Tue 11:27PM EET,Wed 02:05AM +03,0 days 01:55:00,1h 55m,115.0,115,0.0
55,GXA6135,A320,Boeing Field Intl (KBFI),El Paso Intl (KELP),Tue 01:29PM PST,Tue 05:15PM MST,0 days 02:45:00,2h 52m,165.0,172,7.0
56,IBE442,A320,Adolfo Suárez Madrid-Barajas (MAD / LEMD),Bilbao (BIO / LEBB),Tue 10:28PM CET,Tue 11:13PM CET,0 days 00:45:00,0h 45m,45.0,45,0.0
57,IGO1027,A320,Rajiv Gandhi Int'l (HYD / VOHS),Singapore Changi (SIN / WSSS),Wed 02:55AM IST,Wed 09:34AM +08,0 days 04:30:00,4h 20m,270.0,260,-10.0
58,IYE611,A320,Cairo Int'l (CAI / HECA),Aden Int'l (ADE / OYAA),Tue 11:24PM EET,Wed 03:34AM +03,0 days 03:10:00,3h 10m,190.0,190,0.0
59,JST759,A320,Brisbane (BNE / YBBN),Hobart Int'l (HBA / YMHB),Wed 07:25AM AEST,Wed 10:44AM AEDT,0 days 02:19:00,2h 20m,139.0,140,1.0
60,JZR735,A320,Kuwait Int'l (KWI / OKKK),Cairo Int'l (CAI / HECA),Wed 12:29AM +03,Wed 02:14AM EET,0 days 02:45:00,2h 45m,165.0,165,0.0
61,LAP1301,A320,Silvio Pettirossi Int'l (ASU / SGAS),São Paulo-Guarulhos Int'l (GRU / SBGR),Tue 06:25PM -03,Tue 08:15PM -03,0 days 01:50:00,1h 50m,110.0,110,0.0
62,LPE2145,A320,Jorge Chávez Int'l (LIM / SPJC),Capitan FAP Carlos Martinez de Pinillos (TRU / SPRU),Tue 04:26PM -05,Tue 05:21PM -05,0 days 00:55:00,0h 55m,55.0,55,0.0
63,LPE2411,A320,Jose Marti Int'l (HAV / MUHA),Jorge Chávez Int'l (LIM / SPJC),Tue 04:28PM CST,Tue 09:30PM -05,0 days 05:05:00,5h 05m,305.0,305,0.0
64,NKS2090,A320,Fort Lauderdale Intl (KFLL),Detroit Metro Wayne Co (KDTW),Tue 04:24PM EST,Tue 06:50PM EST,0 days 02:35:00,2h 49m,155.0,169,14.0
65,ROU1872,A320,Guanacaste (LIR / MRLB),Toronto Pearson Int'l (CYYZ),Tue 03:27PM CST,Tue 09:10PM EST,0 days 05:05:00,5h 25m,305.0,325,20.0
66,SIF714,A320,Jinnah Int'l (KHI / OPKC),King Abdulaziz Int'l (JED / OEJN),Wed 02:26AM PKT,Wed 04:26AM +03,0 days 04:00:00,3h 54m,240.0,234,-6.0
67,SVA1002,A320,King Abdulaziz Int'l (JED / OEJN),King Khalid Int'l (RUH / OERK),Wed 12:24AM +03,Wed 01:48AM +03,0 days 01:25:00,1h 54m,85.0,114,29.0
68,TAI539,A320,Ramon Villeda Morales Int'l (SAP / MHLM),El Salvador Int'l (SAL / MSLP),Tue 03:26PM CST,Tue 03:46PM CST,0 days 00:20:00,0h 40m,20.0,40,20.0
69,UAL1095,A320,Roberts Fld (KRDM),Denver Intl (KDEN),Tue 01:25PM PST,Tue 04:16PM MST,0 days 01:55:00,1h 42m,115.0,102,-13.0
70,VIV2134,A320,Cancun Int'l (CUN / MMUN),Don Miguel Hidalgo y Costilla Int'l (GDL / MMGL),Tue 04:29PM EST,Tue 06:19PM CST,0 days 02:50:00,2h 40m,170.0,160,-10.0
71,VIV9066,A320,Del Bajio Guanajuato Int'l (BJX / MMLO),Abraham Gonzalez Int'l (CJS / MMCS),Tue 03:29PM CST,Tue 05:19PM CST,0 days 01:50:00,1h 50m,110.0,110,0.0
72,VLG3066,A320,Malaga (AGP / LEMG),Gran Canaria Int'l (LPA / GCLP),Tue 10:26PM CET,Tue 11:22PM WET,0 days 02:05:00,2h 05m,125.0,125,0.0
73,AAL1571,A320,John Glenn Columbus Intl Airport (KCMH),Charlotte/Douglas Intl (KCLT),Tue 04:27PM EST,Tue 05:23PM EST,0 days 00:54:00,1h 25m,54.0,85,31.0
74,TAM3760,A320,Presidente Juscelino Kubitschek Int'l (BSB / SBBR),Zumbi dos Palmares (Campo dos Palmares) (MCZ / SBMO),Tue 06:16PM -03,Tue 08:25PM -03,0 days 02:00:00,2h 15m,120.0,135,15.0
75,EZY3530,A320,Palese Macchie (BRI / LIBD),Malpensa Int'l (MXP / LIMC),Tue 10:16PM CET,Tue 11:37PM CET,0 days 01:19:00,1h 35m,79.0,95,16.0
76,NKS1148,A320,Orlando Intl (KMCO),Charlotte/Douglas Intl (KCLT),Tue 04:16PM EST,Tue 05:23PM EST,0 days 01:14:00,1h 25m,74.0,85,11.0
77,ANZ417,A320,Auckland (AKL / NZAA),Wellington Int'l (WLG / NZWN),Wed 10:16AM NZDT,Wed 11:06AM NZDT,0 days 00:59:00,1h 10m,59.0,70,11.0
78,WMT3762,A320,Bologna (Guglielmo Marconi) (BLQ / LIPE),Craiova (CRA / LRCV),Tue 10:17PM CET,Wed 12:55AM EET,0 days 01:40:00,2h 05m,100.0,125,25.0
